id,name,dummy
51,sunt,1
52,consequatur,1
53,voluptas,1
54,dolorem,1
55,quidem,1
56,molestias,1
57,et,1
58,,1
59,tempore,1
60,ipsum,1
61,sit,1
62,rerum,1
63,rerum,1
64,ea,1
65,molestiae,1
66,atque,1
67,nemo,1
68,laboriosam,1
69,vel,1
70,est,1
71,qui,1
72,non,1
73,eveniet,1
74,praesentium,1
75,rerum,1
76,et,1
77,nemo,1
78,dolorum,1
79,incidunt,1
80,sunt,1
81,voluptatibus,1
82,exercitationem,1
83,molestiae,1
84,saepe,1
85,est,1
86,sit,1
87,ea,1
88,aliquid,1
89,ipsum,1
90,tenetur,1
91,veritatis,1
92,quibusdam,1
93,rerum,1
94,ut,1
95,earum,1
96,qui,1
97,voluptas,1
98,beatae,1
99,qui,1
100,quia,1
101,eligendi,
102,nisi,
103,nihil,
104,animi,
105,occaecati,
106,voluptas,
107,neque,
108,culpa,
109,neque,
110,officia,
111,et,
112,hic,
113,illum,
114,esse,
115,dolores,
116,quisquam,
117,aliquam,
118,est,
119,expedita,
120,repudiandae,
121,iste,
122,et,
123,temporibus,
124,impedit,
125,dignissimos,
126,et,
127,corrupti,
128,aut,
129,doloremque,
130,et,
131,rerum,
132,dolores,
133,perferendis,
134,labore,
135,aliquid,
136,perferendis,
137,id,
138,delectus,
139,nihil,
140,quos,
141,adipisci,
142,provident,
143,mollitia,
144,quidem,
145,repellat,
146,laborum,
147,natus,
148,ab,
149,dolor,
150,atque,
