id,firstname,lastname,nickname,password,email,rating,balance,creation_date,region
1,Natasha,Schultz,80848e35-1db3-41ec-969b-4576af35b215,1Jv6SD6JlwdnzKa,Gerald72@gmail.com,99,155.63,"2022-01-21 10:15:28",2
2,Trinity,Dibbert,847aac60-573a-42c0-945f-ea87b98dd3d2,M5F9fy0bTSsO8Nb,Chanelle_Bradtke26@yahoo.com,180,532.1,"2021-06-23 19:07:19",3
3,Abraham,Cummerata,0abdeb89-7587-40ce-afba-59a65320369f,7uF4PDHl6jzfBB4,Darron_Wiegand@hotmail.com,122,473.48,"2022-02-10 17:09:55",9
4,Jarret,Runolfsdottir,931913cc-9d2f-4645-be6e-419704949a2f,XW7BkT8Wzcsv5u9,Noel.Kuphal96@hotmail.com,97,141.2,"2021-04-11 17:30:54",7
5,Marjorie,Ratke,25126e92-eac0-4fe8-b428-e157a8cc355c,N5SMMPu3ZMmx5SW,Aaliyah.Moore41@yahoo.com,21,22.31,"2021-04-13 06:45:49",3
6,Alexandria,Crooks,59441e4b-60be-41b6-9b49-37f39b454fea,c9SWlKgkGQChekI,Kamille.Wisoky87@gmail.com,134,824.16,"2021-12-03 23:28:36",6
7,Shanel,Schinner,7bc0bca5-8f77-41f5-9a70-e64efd8be7e7,stEAWlkZh5t5yIW,Nellie22@gmail.com,123,791.1,"2021-07-15 02:07:26",4
8,Franz,Rippin,50a17bf4-0d24-4d17-896e-2281922e8d25,zhlzKSy8NcTAhFF,Lawson57@hotmail.com,5,804.34,"2021-06-26 06:36:57",1
9,Haylie,Sipes,303f464a-79a9-4585-bac8-c7ba7a1b07f7,EjldP_G7MVkK6Y2,Lauryn47@yahoo.com,104,462.05,"2021-08-18 01:32:05",7
10,Everardo,Olson,335df32c-ab7a-4f6d-8959-848da30f0a13,FxIOn5yoKD6b5hW,Talon50@gmail.com,150,930.12,"2021-12-05 15:37:19",2
11,Priscilla,Flatley,7f2c1048-10af-4486-97ac-fecc7338ff7c,AvNKeZ8C0kMSNNd,Dalton_Huels@yahoo.com,100,77.48,"2021-05-08 10:41:09",9
12,Tyler,Conn,e3673e66-5411-49a5-93cc-14c7545c6794,z7mnX9SByZ_0a8O,Monty_Casper84@gmail.com,-46,966.35,"2021-06-21 11:09:36",8
13,Bartholome,Wyman,fa33f9b3-25a7-4be4-bd87-4c654eff4d77,73DzSM8COzFHCqt,Joanie.Hand@yahoo.com,167,881.16,"2021-07-17 15:48:44",6
14,Josiah,Considine,f54b776f-3125-4062-96e7-d09bee0e84f8,rt00TBZzMDU56fh,Nola.Weissnat@hotmail.com,3,320.85,"2022-01-29 09:07:14",5
15,Otho,McDermott,5a784d9c-d2fd-4a7b-91a2-b70e840f5d48,LqzXxo0dvxmADHP,Elinor.Braun@hotmail.com,195,443.67,"2021-12-17 10:43:01",2
16,Ronaldo,Sipes,bcc67833-6346-4c49-813f-32445bbb59f9,JDrFTNytV4hA_Ub,Deanna23@gmail.com,11,873.1,"2021-05-28 01:10:25",7
17,Laron,Huel,b9eb841f-fb87-4024-a67c-03a5e55aeb72,Q8vEMrrJ7h_OlCr,Dameon66@hotmail.com,83,917.31,"2021-04-14 16:46:04",8
18,Vincenzo,Abbott,18ecb7e2-0978-4ee6-a998-dfbce899bec7,pO7PORlUUwDWsP2,Price_Hermiston@hotmail.com,184,734.56,"2021-10-07 07:21:46",4
19,Otha,Yost,83601e32-e349-489e-8b94-6eb09d775811,A6wG4BsQH1XhAcV,Jacynthe30@hotmail.com,193,135.22,"2021-07-12 12:23:15",8
20,Pat,Eichmann,346f0a6a-e331-4868-a7b3-8d2c07591f14,Fe3Tkrv7XE5L4Fe,Julian.Hoeger31@yahoo.com,194,753.28,"2021-03-25 09:33:12",7
21,Sofia,Koch,05c803ec-dc85-422e-a94a-4073f6f922ea,HXZMESH9eZHq767,Loma_Huel48@gmail.com,184,195.41,"2021-09-07 15:58:55",7
22,Maverick,Considine,ce268cc5-ae9c-4391-a202-5a7e9ce83181,mHrAV3q8dtbuRrY,Harvey27@gmail.com,121,678.59,"2021-04-13 03:20:54",3
23,Bette,Gutkowski,94c5e0c8-b832-49c7-840a-e2c43d59b659,GLYLfvf1BPlkNuR,Shanie.Roberts13@yahoo.com,121,241.25,"2021-08-23 19:32:12",8
24,Marilou,Stamm,a53eec5d-9e6d-4771-a092-984079b8e60d,dmY59R2oRNgCay2,Freddy_Pacocha@gmail.com,-11,485.64,"2022-02-13 07:12:28",9
25,Robin,Harvey,f81d331d-bdf7-4122-9b83-e091bdb593d2,cgrPtznbW_C3awj,Maverick56@yahoo.com,80,754.94,"2021-08-12 12:27:43",3
26,Cornell,Rosenbaum,2c8587e1-d056-4d01-b794-2cf56220a7df,ORIY3ZU_iduwnWt,Amy_Ankunding@gmail.com,-13,158.41,"2021-10-05 21:49:41",6
27,Raul,Berge,83904f1f-6d5b-4dcc-a7e7-c6189327f27d,uQQIUMOHNDc2Tq0,Trudie23@hotmail.com,49,89.66,"2022-02-04 13:05:09",2
28,Joannie,Swaniawski,aec5656c-1b84-4ebc-a17c-9917226824d7,FbRcTA6k6WTN_pa,Chet_Jacobson52@gmail.com,72,301.47,"2021-09-19 08:01:43",6
29,Margret,Connelly,3b535eae-ee62-4066-ae2e-d4921f2bcad2,aUYzGyeZFU37QEC,Napoleon.Barton37@gmail.com,150,677.91,"2021-10-26 13:35:08",1
30,Hudson,Luettgen,391dd72b-b4d0-46f7-a7c3-69707a59fdaa,uo61EEHDx7Y4BKc,Chanelle.Vandervort17@hotmail.com,-27,238.99,"2021-06-26 04:19:10",9
31,Buddy,Skiles,22eef2dd-4cd0-4717-937a-47f9ea67818b,l31i5OJ4SQaXwIg,Tomas72@hotmail.com,108,465.36,"2021-11-08 13:47:01",5
32,Adelle,Flatley,355ea4f8-2faa-46d7-8915-9293bf0f8e09,NtDjctzAzZrXwqD,Parker_Kreiger28@hotmail.com,49,459.81,"2021-03-25 16:45:58",2
33,Clement,Corwin,5ac8c43d-4e96-403d-a88c-0b63eca66499,001XQriLA2vyx_z,Elena_Harvey4@hotmail.com,4,947.82,"2021-03-15 23:29:47",7
34,Roel,Smitham,90430fca-267b-44e6-ade8-86660478ba45,rYiCTo1YjrUFTnF,Hudson.Miller@yahoo.com,64,481.51,"2021-05-17 08:25:50",3
35,Immanuel,Hegmann,1432eb37-04e3-4f79-a78c-9bb2b723b059,cj8XA2qeIpHQo58,Randy_Kreiger@hotmail.com,54,939.05,"2021-08-19 14:59:06",1
36,Jorge,Grady,a89fae99-9fb2-48e7-94fc-631d384f001f,P6uGnSTTqIE7VYV,Eldon.Bosco88@yahoo.com,14,451.41,"2021-07-14 08:24:59",8
37,Anahi,Quitzon,c10dd2f3-d2d0-44b0-83a0-449969b394a8,zyHjkFpOY94D2U7,Charles98@yahoo.com,30,440.57,"2021-07-27 02:56:08",9
38,Nicolette,Schimmel,12dad1d7-db7f-498c-b2ad-b29a9371a7d3,7mpmX3BDYDPq8c6,Henry_Macejkovic@yahoo.com,200,500.4,"2021-04-12 13:02:30",2
39,Keira,Cormier,77f72eda-0419-4106-b201-8d87939099b0,oya6oyqXBQscQeq,Edmond6@hotmail.com,-5,637.4,"2022-02-01 10:17:16",2
40,Mabel,Buckridge,8d1f33c3-f8e3-475c-a77a-73059d6a558f,mutqr18X73H5RNi,Edythe.Stehr@yahoo.com,85,623.58,"2022-01-29 11:42:11",4
41,Kolby,Terry,c4dda6b1-d71a-4ea5-971c-e6bbdb9a8790,5c6obZoUJkSYsHb,Anais_Keeling@yahoo.com,143,299.28,"2021-05-01 11:45:26",10
42,Noe,Ernser,abfab052-c849-49dd-80d5-4818088c31e2,8AJEQqvB9Wlm2Vb,Dale92@yahoo.com,127,317.94,"2022-03-01 02:40:05",7
43,Lonnie,Rodriguez,0d43e307-6b12-4fb3-99a9-a7c55220fa31,fyMtsHkJZwp7VIN,Tommie62@gmail.com,126,991.34,"2021-05-27 07:27:29",1
44,Jesus,O'Conner,e1f0f79f-9db4-491a-8406-c63d68f964cb,p9O1KE92Lvi85nw,Anderson_Koelpin@gmail.com,103,32.07,"2021-12-23 11:06:16",6
45,Edgardo,Howell,dfd98772-512a-4977-a2d7-7a9da05f2471,zNqJ0iCq3ybESNV,Zachariah69@yahoo.com,28,194.63,"2021-12-21 19:11:10",8
46,Xzavier,Cormier,1bbf6db8-4785-47fb-8aa3-47544d520660,hamhcAXswoIDu6t,Aylin_Ward@gmail.com,101,733.43,"2021-05-18 15:32:57",5
47,Pierre,Bernhard,f4e04e8f-ab71-4eef-803e-991955215d91,Y_fYsqKPN3p6cqt,Hoyt.Prohaska@hotmail.com,147,123.88,"2021-04-24 11:10:52",5
48,Vincent,Huel,2db70eb2-df5d-49ca-a912-32fa2c55e237,HAVIwCeH8Z60mLB,Demetrius.Grant81@yahoo.com,169,181.63,"2021-10-17 01:15:06",8
49,Weldon,Dach,c3ac4d76-740f-4e50-87bf-1797fc888753,PJxBv0tGWLCq9eK,Andres78@hotmail.com,48,295.5,"2021-04-12 14:07:35",5
50,Preston,Lesch,66a12546-8b26-4f17-a719-c57173eb05b2,Vte_xGfx32OC9YD,Muriel.Schuppe13@hotmail.com,87,533.6,"2022-03-05 21:43:29",10
51,Doyle,Brown,71d58f61-2825-4b02-a5a9-93184ee808ec,NNffMgqKndT9PSP,Tara8@yahoo.com,-1,415.21,"2021-05-29 22:35:11",5
52,Larry,Miller,184fa7e8-9987-426a-874d-79fcbba69f86,OHcJRggnprXCHSa,Dejah52@gmail.com,178,191.13,"2021-10-04 10:48:47",3
53,Euna,Rutherford,a421afad-8ff4-4f83-a45c-49e4f55772eb,Fy8K1BuU42BSI7R,Isabella75@gmail.com,197,408.94,"2021-07-02 21:25:50",1
54,Daisha,Eichmann,0e50e95a-1044-405e-94f0-bc4f3751722d,a_3Lpro1oVWN2b2,Wilfrid7@hotmail.com,-15,66.59,"2022-02-06 19:46:39",2
55,Nyah,Cormier,1949b25c-8775-47a7-b889-a56ea2212856,Bvj39stqqIVZBF1,Cullen90@gmail.com,13,71.27,"2021-04-26 21:02:38",8
56,Duane,Mraz,8b89e263-57d0-4d59-b9f6-4f467bfbf8ac,OvhyzyVMYMJXSNd,Betsy_Mohr@yahoo.com,-41,696.32,"2021-06-29 19:53:36",1
57,Maida,Feest,3b4a9ca6-2e8d-44d1-ae05-123483d42520,cL_dpDpPZbvUNFV,Dorian.Botsford31@gmail.com,152,886.27,"2022-01-02 19:01:35",10
58,Jerrold,Hilll,1138653d-c5ca-43f7-b27f-81c87ad89bce,ImFZ8AkVemDgCR9,Marianna.OConnell@hotmail.com,54,695.22,"2021-04-18 19:07:18",10
59,Charlene,Koelpin,f82e64b4-0e05-4182-be8d-f5532e09e8d6,4WefQb9tT14FuoZ,Colby42@hotmail.com,-37,955.38,"2021-06-17 00:35:02",2
60,Edd,Mante,96c9d6ee-71c9-450b-81e2-2e7cbdd9b541,9Wo_ykSGfDoTn5M,Shaun6@gmail.com,134,269.11,"2021-09-22 06:57:56",3
61,Bernice,Rau,3eda95bd-4b3a-4605-a759-ea9a521a36d7,54Slta36lrw5Z6R,Sherwood_Moen55@hotmail.com,124,576.28,"2022-02-07 02:24:38",8
62,Cora,Crona,20d06d8d-ee21-41ea-b32d-5468d56a8efb,86_2vhjgfZzbPz4,Enola.Altenwerth29@gmail.com,151,163.44,"2021-09-27 09:28:03",7
63,Randi,Friesen,2e8ef3f4-a48e-47ae-979d-a3ae0a29961d,ApRwezjZSzS4nxh,Freddy.Bernier96@yahoo.com,70,260.39,"2022-01-12 04:20:58",9
64,Retha,Morissette,5a39e30a-eb76-4a3e-8023-ccc91e06233f,VblEvdch8Qro3lW,Destin.Lynch@hotmail.com,36,161.49,"2021-06-03 19:26:13",9
65,Marilou,Fisher,5ab14c6b-aac1-4ddc-9344-b802509b1726,oMl2_ccRQLcBPdu,Dino31@gmail.com,12,443.59,"2021-03-14 11:10:07",9
66,Wendy,Dickinson,f0b4b2f4-b7e6-4204-8e27-571455a8ce54,iEdbttK3ghtJu17,Yasmine.Ryan@gmail.com,-47,372.62,"2021-09-08 14:02:08",5
67,Lilliana,Feeney,cc1fddd1-9a17-439e-a742-e7d00cd39648,qFSbEAHIsNoiTH1,Lavina37@gmail.com,89,982.65,"2021-08-27 03:59:12",10
68,Sheridan,Mraz,95da9b6f-f904-4051-9151-6123770864f0,k6bMZmL8B22HwLY,Cheyanne62@hotmail.com,4,324.03,"2022-02-02 14:52:35",2
69,Americo,Howell,3a704c32-7978-44f5-a96c-fed9d302b820,eUkmseTnZ7X2VVO,Orie_Hoeger42@hotmail.com,-49,32.67,"2021-06-16 14:54:20",2
70,Yvette,Ebert,51b93657-62b3-46fc-8339-b8bfd9e7599d,Ote34QACJczRqPC,Kylie_Pouros@yahoo.com,-20,591.09,"2021-12-15 03:16:24",3
71,Jordyn,Hane,363e7687-174f-4ec2-81d3-3e24033af430,YA21AZ_hMgpZowy,Adam93@hotmail.com,109,878.15,"2021-06-27 07:51:59",9
72,Maiya,King,4629cc7c-c56b-4c1c-a141-7727bf896070,pZDrTcNBWy9fW2B,Annabel.Kohler@gmail.com,136,863.71,"2021-05-19 04:56:39",3
73,Maximus,Bayer,cff36a31-215c-4dd5-a588-5dcf4c156c26,jyi_saLZ4zx3aQL,Demarcus60@hotmail.com,128,389.07,"2021-10-22 10:14:49",10
74,Vern,Hilpert,1212df1c-7566-4f49-bd96-ceb7429357c8,vwjZSQEII6MPVDe,Assunta49@hotmail.com,-38,455.22,"2021-12-06 19:12:41",1
75,Jo,Spinka,7cbba383-dd59-4e17-bbfe-eade8a212f90,lJkY4omHWbQSEii,Sincere_Bergstrom35@hotmail.com,-30,19.34,"2021-08-13 03:57:13",4
76,Gage,Bernier,4dc0578f-f96b-49c8-9237-be682fb01197,ieiwdtkGX189mmk,Donnie69@yahoo.com,121,287.56,"2021-05-23 22:24:35",1
77,Ellsworth,Farrell,a001ab9d-5502-44dc-afe8-a17cffcae280,33eFyxjroSFmfNW,Pietro.Harvey4@hotmail.com,128,198.12,"2022-01-11 20:25:59",10
78,Madge,Bauch,daf4c5ab-4d06-4552-9d08-f84883530dd1,v7Y23EH9f8qwgNB,Davion_Casper@hotmail.com,-16,796.1,"2021-04-01 11:50:28",9
79,Jacklyn,Lubowitz,a33b14e6-60d4-4512-9bc6-ac0f5e470390,wqkvIM06lOH7k17,Emil_Stoltenberg25@hotmail.com,76,697.23,"2021-08-03 15:25:03",8
80,Geovany,Dare,4b138503-c01d-4586-ba04-40663b07b1c2,7B7OhpRmX1CrrOx,Vella_Muller@hotmail.com,91,30.42,"2021-05-02 23:12:10",3
81,Camilla,Lubowitz,49d687cb-cd6f-4965-ba82-e0368b27904c,pW9RSxl_wnJ8SD3,Marc5@gmail.com,138,303.34,"2021-12-25 08:59:15",7
82,Fleta,Bednar,0a240b16-d2f4-4cc0-b0f7-81263922db34,_tswOvBdxdQS3Ow,Lyla10@yahoo.com,-30,440.68,"2021-04-22 18:25:23",10
83,Peyton,McCullough,5e16b493-9bd6-4cd6-9bca-38e1b01fe60c,_Pz5ti0WvTl1IVk,Hollis.Fadel29@yahoo.com,42,735.02,"2021-12-15 06:00:13",9
84,Bianka,Fay,63da1fe9-3452-4548-9ea9-fc3691c17a0f,mxSX7naFhG0n16q,Jarrell.Franecki22@yahoo.com,131,608.27,"2022-02-17 06:38:53",6
85,Kane,Lubowitz,7830bbc9-1de6-4514-a3a9-208ce0153c38,Lvl3e1r31wnWO1L,Cale53@hotmail.com,67,60.02,"2021-07-10 04:59:08",9
86,Arvel,West,8055edc3-4e13-42ad-8e33-d8092eaabeb1,FiwS30CUuGokrgk,Eleonore67@gmail.com,14,268.15,"2021-10-01 19:20:01",2
87,Schuyler,Leffler,f671c1aa-ea96-4a07-84f2-2d04f158a3b3,F79lRW2IkMPAcWr,Emmitt_Swift14@yahoo.com,180,808.48,"2021-03-13 17:11:39",7
88,Carmelo,Dibbert,66f1e353-13c8-45de-a2ba-95370eac8e8f,F8nZG9Dxie4IewE,Carmelo.Streich@hotmail.com,77,557.73,"2021-08-06 13:36:56",3
89,Madyson,Grady,0bc44f06-620e-4b2f-9003-721b862c01fd,adA6_lXLRru5Wmb,Gussie.Welch64@hotmail.com,62,845.6,"2021-12-30 06:05:48",5
90,Brian,Sipes,a9bf0224-504c-41c3-a5cd-f003bbba6b03,lpGWH9QOufG87eV,Wallace.Ryan@hotmail.com,152,957.4,"2021-06-19 12:21:31",4
91,Jasen,Hansen,80127c3a-96f3-442f-b5ef-dc2c45502f0c,FmNORA_Jlv3fQEX,Ceasar_Mertz57@hotmail.com,-11,839.8,"2022-01-12 15:18:39",4
92,Kareem,Macejkovic,32a51e1b-4a89-4ff5-a8b1-f4a2bffcb89e,BTatY_5oioYmp6t,Lorenza.Mohr@gmail.com,81,816.5,"2021-12-28 22:25:35",10
93,Kassandra,Gutkowski,a1e5ffc0-4acb-4638-89dd-6c68a1211fa4,7ktM63_ffs7lK1W,Eloise_Kassulke94@gmail.com,181,681.39,"2021-12-05 13:32:13",1
94,Laverna,Ortiz,b0d765a9-5d8c-4a69-a833-000b0c271c7f,igsHjjwF7zlbu8I,Kasandra49@hotmail.com,-4,400.49,"2021-06-15 03:51:11",10
95,Rafael,Schuster,912effd4-1a81-4dc5-bce1-6282a2aa65f1,lTQ32i4xuQyIqYA,Minerva_Reynolds@hotmail.com,184,278.82,"2022-01-23 12:28:00",8
96,Kianna,Roberts,2bfe6f2e-3d9b-491e-a11d-bacf26e897d6,oMUVbv87VE4F0s6,Justen53@hotmail.com,22,141.3,"2021-05-19 13:13:15",1
97,Bennett,Gorczany,00c23d28-22a5-479b-9bf8-c2542398a4f0,6UjuREnCKLnXlm9,Lynn.Hintz53@hotmail.com,-13,208.86,"2021-08-03 03:08:12",7
98,Chanelle,Brakus,6c7e305e-ca17-4760-a5d0-125d9e251625,ysOtWlmKTeCs8sQ,Jettie.Kulas@hotmail.com,43,426.24,"2021-08-04 10:02:57",5
99,Marshall,Leuschke,38568d58-88d2-466a-89a1-d214479d0201,BI24El5U0ELiKXp,Demario_Pouros19@gmail.com,51,329.41,"2021-12-07 14:31:30",7
100,Deondre,Bogisich,e079d06f-196b-43fd-8c8f-97c6cf86f09a,AhHr6i7ILCsSNMW,Ardella42@hotmail.com,-42,768.43,"2021-12-03 11:01:32",9
101,Jaycee,Mertz,655500af-e43f-4afc-8029-d7e0fe57d14a,5NIeZhNBrrXI2Yt,Kallie83@gmail.com,12,46.44,"2022-02-08 02:11:32",4
102,Dante,Lehner,147dd6cf-62ba-4029-9e34-1207f3b2209c,pMAjoaiwdBdEBn8,Horacio52@hotmail.com,140,602.01,"2021-12-09 13:13:07",1
103,Tatyana,Prosacco,5815cf7d-0150-4127-8b5c-cb75c9c7497d,eYH5ha3huAx_uba,Elsie78@hotmail.com,38,813.28,"2021-11-20 17:03:15",3
104,Deonte,Littel,54696fb6-004f-4e87-8f27-31d2bbe7a876,pxsViqW2MoolPiC,Nelda.Bailey34@hotmail.com,126,404.14,"2021-10-31 09:10:00",7
105,Rubye,Bechtelar,7bf703a7-92a8-4aed-9828-5783c7225bb5,uFI_vfIGmrusRUy,Lillian.Hilpert95@yahoo.com,-50,183.32,"2022-01-21 03:01:49",5
106,Guy,Harvey,54faaf83-5744-40ce-bef4-98300db814db,toCrR2qbSDt5Oq6,Hailie10@hotmail.com,19,390.26,"2021-03-31 05:46:46",4
107,Leone,Heidenreich,57ed987c-076c-4495-ac21-63e2ba388729,thTPyMpSwdOjCZr,Ebba.Murazik50@hotmail.com,-12,255.12,"2021-07-10 06:53:47",5
108,Marlee,Lockman,d26191eb-7ccd-4cc0-a76a-d4baff4f1126,OERdSsO4o4Z4jRz,Devonte_Collier79@hotmail.com,83,229.91,"2021-06-30 22:25:51",5
109,Genevieve,Hills,ff29d049-dfbe-43aa-bc30-9fff8f541488,OnzhsmA8ZEA6ck4,Sandrine45@gmail.com,-21,474.94,"2021-08-03 18:46:43",7
110,Selena,Thiel,dfd536b5-b5dc-4643-b542-e41972d3e876,24n0k2Zi445CkTE,Terry.Hettinger@gmail.com,104,987.45,"2021-03-19 15:18:35",5
111,Octavia,Bode,400c5051-d9a7-4ddf-a2c1-7f9ed93b3070,WxQuQXJgCgXfeKq,Sophia_Beahan38@hotmail.com,17,938.22,"2021-08-14 15:49:14",8
112,Wilfrid,Wolff,9191ef57-ac5c-47a1-a373-5412ba576ea7,GhOJxXxCeOIYoUO,Lessie.Kris9@gmail.com,109,941.49,"2021-04-22 15:29:16",4
113,Coleman,McClure,dbf81f33-4a8a-46b0-8eda-e096c76bb08e,AXbKCDFGTqy41C3,Nikko28@hotmail.com,-42,199.64,"2021-07-11 14:02:32",6
114,Bonnie,Gislason,24b24882-e85e-4a2a-9101-1c681894d840,I07_LtNrqfsRQS1,Gregg59@gmail.com,-9,148.15,"2021-10-03 21:32:57",9
115,Gerry,Johns,da7bfcaf-c158-4f96-a17c-2282a80daed3,GnRve1F10CJvex4,Lavonne_Gottlieb58@gmail.com,169,821.01,"2021-09-29 13:45:56",1
116,Gunner,Bayer,0da33ce5-4322-428d-84d8-c685128193c1,qmeIgJXsB_DTHcv,Norbert.Mertz@yahoo.com,117,675.23,"2021-10-30 00:05:19",6
117,Isaac,Klein,d907c482-d930-4965-9203-234773437921,20xemKsDP9qkfo7,Janis31@hotmail.com,-46,650.9,"2021-04-29 23:43:44",10
118,Jasmin,Dare,eae5a239-6f5e-40ac-a0e4-309305886d6c,7SYoUO6G_sgNfmn,Veda.Sawayn32@gmail.com,11,831.08,"2022-03-02 21:16:08",7
119,Haylie,Fay,80f204f7-4f3e-4e48-a0e9-e4f7d7309831,IZhx_0PPxLssqy7,Abby_Bruen91@hotmail.com,28,687.22,"2021-08-14 18:07:12",2
120,Esperanza,Heidenreich,761ddd58-cdf6-4a9b-b08d-4561f222a1d7,Z2fiz8W3pgEccmn,Ross_Deckow@hotmail.com,117,514.62,"2021-08-28 03:15:21",8
121,Glennie,Gutmann,aa2e0146-558e-4317-bc2b-4c3bbf9525b6,VEaTFaIsewcKmB3,Antwon23@yahoo.com,120,162.7,"2021-05-22 03:28:04",7
122,Oral,O'Conner,e4926304-ab89-401d-9c9d-45b828520c9a,9j_Q72JEUyHGFru,Pink.Kreiger@hotmail.com,30,270.19,"2022-02-02 04:18:03",9
123,Dejuan,Mertz,58b9c80d-84f8-4e75-a09b-5fc94900da8d,GV7nyN_ACToZOxn,Bettie.Terry48@yahoo.com,117,329.82,"2021-10-09 01:44:09",9
124,Brennon,Wilderman,38d181ca-60e0-4de0-885f-0f5d01516c5d,XnNMvBXg2If8D6Z,Kelvin.Green@yahoo.com,187,389.72,"2021-11-10 09:01:45",1
125,Keyon,Kuhlman,03b62042-e572-4150-9714-679f7d35fe69,lPCVo7rtXtwgfbX,Blake44@yahoo.com,23,799.62,"2021-05-15 08:46:49",6
126,Drew,Konopelski,c6a28121-f182-41c9-a0ee-309648d2adde,c1rCoam1ecEabVP,Ignatius85@hotmail.com,-40,231.21,"2022-01-31 00:37:01",4
127,Kristy,Anderson,07728d8d-d6aa-4191-80b6-e9fb1f7ca7f9,1GLFBKb18jiaMCQ,Brandon.Bergnaum@gmail.com,121,251.57,"2021-04-13 12:11:10",10
128,Miracle,Kulas,5a4feb93-b563-4ed2-a592-d4dba8ebaddb,nazw3YQRybS3QXv,Lorenzo11@yahoo.com,145,811.74,"2022-02-21 00:17:35",8
129,Dale,Crooks,bc3de1db-1418-43a0-8f66-35de5e60e327,9G7XQcg_8aZkkKV,Jessie.Crooks56@gmail.com,149,76.21,"2021-05-09 01:38:09",10
130,Mallory,Bernier,ffb14902-954f-43c6-89ca-869f525a24c8,ihaQeRrqKmnXuGb,Jannie71@yahoo.com,118,410.89,"2021-12-12 19:54:24",2
131,Wilber,Keeling,a76625d9-9f6e-4b29-a8ee-94644d6634da,4HzOOID68gQn3FV,Alfredo_Abshire65@yahoo.com,57,811.7,"2022-03-03 20:21:26",1
132,Eloy,Walter,c4083791-6149-4dc6-8306-45417078eb71,oK0fkStKEzancO6,Don_Mann62@hotmail.com,7,770.83,"2022-02-22 17:23:57",7
133,Natalie,Cruickshank,2b96c5b5-5fcf-4f14-9322-44097d82e7c8,7rSJTcXxBbFk6jv,Cruz27@hotmail.com,53,295.11,"2021-05-26 21:53:58",5
134,Miguel,Jenkins,bfdfca21-c136-47f8-92cd-ad09999a2c91,LKIqvaGG8oQw6OH,Bart.Davis@gmail.com,133,898.01,"2021-06-23 09:50:42",1
135,Lenny,Cormier,160446f0-d7cd-4a7a-895b-ae038fa63784,dTlWCx2TmztttyC,Marcelle.Hand28@yahoo.com,166,326.11,"2021-05-26 05:08:16",1
136,Merl,Schroeder,a771f3cf-8963-48b8-a23e-89dfbf01032b,CptwM4KCUVLFmDv,Erin_Hartmann97@hotmail.com,146,604.76,"2021-06-08 09:52:16",6
137,Estevan,Davis,721c04fd-b1f9-4820-8562-9930d2f70516,VptqSYP9JBX0Pv3,Jordan.Schiller41@hotmail.com,100,722.09,"2021-12-31 06:56:25",8
138,Jett,Osinski,095d4734-2bfc-4015-adbb-b331e9455280,VkCopaYsx299j9g,Damon99@gmail.com,-28,846.67,"2021-12-06 06:05:27",6
139,Andy,Bayer,eb05e32f-6a0c-4787-a683-0157e40a7087,ZJOJdlfJXuiZ7Dk,Neil85@yahoo.com,83,803.15,"2021-10-31 14:14:42",3
140,Sylvan,Davis,aaf9416c-1796-439a-b2e8-693de1cafab5,wkTHANBKhjVmc7f,Grace62@yahoo.com,126,969.26,"2021-04-23 06:20:40",2
141,Porter,Johns,852ca6c4-5f46-4ea6-80f4-fc01f8a04559,MZwmTQIt6TLfnPe,Hank57@gmail.com,109,905.01,"2022-01-11 07:31:55",3
142,Odessa,Kuhlman,bd0e48b7-de0c-4676-a922-c35ecc1942a4,uAB_hHFsRRAHHz6,Dejon_Zemlak15@yahoo.com,104,852.98,"2021-09-28 14:23:46",1
143,Reymundo,Bruen,68a7d128-bcbd-4069-856c-8f1a644a0eff,qOBGoHrkW7tGoZw,Hobart_Hickle42@hotmail.com,144,375.94,"2021-07-02 13:13:32",8
144,Mike,Runolfsdottir,c860c87e-b760-480b-8561-417e0a198ecc,HJsTXB1RRop2_lF,Walter.Muller27@gmail.com,27,210.72,"2022-02-02 05:24:47",6
145,Shayne,Collier,7ca5fe58-1ccf-4a0a-905e-f8ce828848cc,oWqs5OONqAt4gOt,Mylene.Monahan97@yahoo.com,106,540.73,"2022-01-18 00:15:23",4
146,Vladimir,Bechtelar,ca3dcb35-7e9e-4828-b3bf-8befc04ce4af,FmLP1dPa3Ii88A2,Talon47@yahoo.com,197,218.61,"2021-05-07 15:28:06",2
147,Guy,Russel,8768a2f0-620d-46c1-a837-9689dd786e93,KobCAFjKUB50A8Q,Wilburn79@yahoo.com,147,631.1,"2021-04-23 19:57:25",5
148,Isai,Jones,534832a2-afb1-4755-b58c-cfc87c829e8d,1pEEGZ0UWtTRSAY,Conner_Wunsch@hotmail.com,159,927.27,"2021-04-18 16:10:35",5
149,Tracy,Fisher,5c11202d-4864-4453-a762-dd9a9a68df06,F5e1bE7HpGsRn6B,Vance80@gmail.com,11,232.52,"2022-01-06 02:33:54",6
150,Sylvester,Lueilwitz,0fb1e0d1-becf-4717-a098-6e654a8f6730,eOq8H9Sto0C8fgh,Torrey4@hotmail.com,-43,984.64,"2021-05-27 14:33:15",10
151,Shaun,Olson,93d81dab-7d8b-45de-98c9-10fbcd4f2831,JqUIeQsCDJpEB6r,Jacey97@yahoo.com,132,697.35,"2021-09-27 05:13:43",1
152,Rowena,McLaughlin,782bbd8a-cccf-4427-a367-ebce035bd312,iljRG0Zba5VyfKT,Geo_Carroll4@gmail.com,94,11.6,"2022-02-24 07:34:41",4
153,Manley,Herman,6867e6ea-44c8-44fa-9477-d816915e7bcb,rQlhRve7yOK37oj,Luis35@gmail.com,50,209.94,"2021-06-26 02:54:33",2
154,Shyann,Armstrong,bcb3b048-df3d-434f-9472-565f5e05eba2,XccdRr1QT1AYA8g,Jonas_Nikolaus@hotmail.com,58,80.72,"2021-04-06 12:27:41",4
155,Walker,Leannon,f0a52242-b3ca-4f01-91b3-f464b7fd3361,JWvQke8jTc_jlNr,Mitchel55@yahoo.com,185,925.88,"2021-06-16 16:41:51",5
156,Micaela,MacGyver,32abc464-8b16-4ed1-9cc2-ce15e9471a9e,s4sQI5CBtsFl2jx,Everette41@yahoo.com,185,174.4,"2021-05-19 10:01:17",4
157,Demond,Labadie,ef607944-a115-45d8-aae0-78bd9c4427a1,yxcOUMSilfo5PD_,Jana.Gaylord93@hotmail.com,62,722.68,"2021-05-13 08:52:56",7
158,Kenyon,Fay,24071865-6c66-420f-af49-b83c740e15d3,b9_W9dLGuDzEdCd,Hilma89@hotmail.com,82,349.43,"2021-04-17 11:32:43",3
159,Cullen,Cassin,88e1e2d9-0f7b-46be-942f-05b9ce3ffe6b,GMYjCjA4iygsJKc,Kareem72@hotmail.com,65,47.22,"2021-12-10 16:19:56",3
160,Jordyn,Grimes,5267b73a-02ac-484d-b91f-52fa4b0d046f,8swCworwgID8vtX,Simeon.Fritsch@yahoo.com,121,188.35,"2021-03-21 04:03:13",10
161,Stefan,Parisian,fad76dad-5aea-45da-8b30-1701d553f30a,yB4UgEkWtOZGII6,Tyler58@yahoo.com,188,566.65,"2022-01-19 20:43:59",7
162,Claud,Lind,ece5ba46-d6a1-4b3d-9405-9e3425367501,KD44yZ6Zfo7N2VW,Rick92@gmail.com,12,577.28,"2021-04-21 16:17:58",8
163,Mohammad,Effertz,5240a16f-b6ec-4de6-960e-179c1cf04db1,w72clO0PVp4Lt8q,Hugh.Leuschke@hotmail.com,175,454.17,"2022-03-03 01:26:01",10
164,Amina,Roob,66b7855b-ca5c-4c26-ae89-9ab303ece713,wSYiDDq2KUlGPO5,Bria.Raynor@gmail.com,165,46.29,"2021-07-29 03:22:12",7
165,Carolyn,Walter,5829786a-5b19-4fad-b788-3bea2e012953,h8Vsv_tLIh3R_ff,Harvey_Altenwerth@hotmail.com,-26,634.17,"2021-12-27 08:37:07",4
166,Lia,Fahey,d6edf7c8-aefa-4548-ae37-353416b55a7c,EcSgxNiwYcpUAzB,Forrest60@hotmail.com,-45,710.63,"2021-06-04 09:06:13",8
167,Matilda,Carroll,bcf48cbc-67f5-4ff7-a6cd-9c22341e0db7,wI76zqcKnYa8e_Q,Andre72@yahoo.com,192,813.82,"2021-04-11 08:41:26",6
168,Davonte,McKenzie,a7b82ea2-0069-4c66-9dbd-b768ee751115,XB37LlBINUgYOM2,Chloe89@yahoo.com,-22,488.83,"2021-04-19 18:22:38",6
169,Veronica,Feil,742998ab-8d1f-4c01-bc6c-1f6129ea1e83,ZdwOOfPFkvjnPJU,Sherwood.McKenzie@yahoo.com,120,659.29,"2022-01-30 14:18:03",8
170,Lou,Hamill,07194029-5c0b-440b-a1c4-9c00f61a5fbc,i88ZjTByiRTZBBF,Tavares.Jones74@yahoo.com,-35,453.99,"2022-01-14 08:19:41",8
171,Clemmie,Spinka,bc586425-91a9-4f86-b033-335a983fe668,BcgJIF62dINLoFo,Audra16@hotmail.com,120,151.43,"2021-12-12 05:32:05",9
172,Berneice,Mueller,aac11b0c-34bc-49e6-968f-668fd54fcf76,2VdBlsl1GOUpFE3,Patsy.Mann30@yahoo.com,-24,427.08,"2021-10-07 17:24:58",9
173,Patience,Bartell,a717a3f7-f08d-4393-8260-20668034dddd,0jKAbvjtfQMZWz8,Velva.Gaylord@yahoo.com,175,603.36,"2021-03-31 11:27:22",5
174,Annamarie,Kreiger,b9cfc89d-cb86-4cc8-aafc-38e45a63f267,cBhUM58W2FkwewA,Elias_Rippin73@hotmail.com,-19,77.39,"2021-04-04 16:59:08",6
175,Boyd,Walter,b0c478bd-9dc4-4382-8f23-269809fdfc0f,lNWbwNe94xIQwMx,Forrest.Auer@yahoo.com,171,716.51,"2021-09-07 16:35:00",2
176,Lacey,Gutkowski,9348c3b8-be35-48f0-85d9-b25ec3aa6991,QdeAQpFw8pffhjH,Lera48@hotmail.com,-24,912.52,"2021-05-23 01:03:26",3
177,Charlotte,Mertz,f75b3eb8-a800-40c0-bf5b-108d48d68cd7,B7bIfoL2VoXepQZ,Hudson.Leuschke@gmail.com,26,771.75,"2021-07-09 08:59:40",1
178,Zander,Macejkovic,519c8557-b561-461f-a58a-341cf289ac75,jRy5482aZHJcENd,Joanny98@gmail.com,11,365.72,"2021-04-13 20:31:39",4
179,Dawn,Langosh,aa52ab3c-4595-4fc5-85b2-dc6f5d9541ad,Mzy7xOXcqtmPn_7,Retta61@yahoo.com,-20,826.15,"2021-11-26 20:16:35",7
180,Josiah,Kuphal,522baa5e-e9ee-4197-9c5c-ecc9986d0330,1e3VupV0Lbcuu1g,Brown_Eichmann@yahoo.com,38,655.5,"2021-04-17 12:31:31",10
181,Otto,Wilderman,e690b0e3-1177-47e3-bedd-fccf4e683fed,nRFlQvmj7VICYkc,Vivianne.Schuster91@yahoo.com,-10,825.96,"2021-08-18 00:20:51",3
182,Rory,Yost,71fb83b2-62ed-47b6-8f58-3057be00fa96,md1RZNZrQx7JHtx,Kraig_MacGyver@yahoo.com,6,380.58,"2021-04-18 13:43:00",8
183,Elroy,Dickinson,5d34e7c5-9f6f-40d7-bd1b-f7d50a22f994,vf2vXAg16hOxKiq,Everardo.Schaefer14@yahoo.com,166,468.26,"2021-09-25 17:31:22",5
184,Roscoe,Powlowski,7baad2c4-924b-40c3-889a-37882d1f1db1,jghrFvlqp_CRtMa,Marietta.Rutherford@yahoo.com,29,96.71,"2022-02-03 07:32:19",4
185,Armando,Ebert,0fd32276-63f2-4846-a3cc-3e0dffbaa0e8,XrGjeSwXhQVu9RF,Ivy92@hotmail.com,-25,83.19,"2021-05-31 12:41:10",2
186,Tyson,Kling,1fcd7b85-e461-4e4e-9077-f8f0298fa8f7,8qaFJS_JbsSTcIy,Jacinthe_Hansen78@gmail.com,-18,837.29,"2022-01-10 22:05:14",3
187,Jadon,VonRueden,3c6426c2-2f82-4613-8adb-b23abd1ea755,Xu8t6GtAOAdE6af,Preston32@yahoo.com,89,869.49,"2021-09-17 16:26:55",8
188,Torey,Ullrich,0073538f-24d1-4b84-b332-f29bbf367410,efrrBy4xV6tES5r,Chaim.Hammes@hotmail.com,13,971.77,"2021-10-28 01:40:11",8
189,Paris,Schaefer,c0314d32-94e2-41e7-b1d7-423ff68eddd2,Val6kMXNjJFxw08,Karli_Powlowski@hotmail.com,160,457.36,"2021-06-02 02:05:05",2
190,Aditya,Gorczany,d07338ec-78d3-43f6-aa17-b16977b582cb,TyptiqEmmNgRkt2,Jeanne14@hotmail.com,17,440.86,"2021-09-15 15:58:30",4
191,Gust,Monahan,2244a223-f5bf-4847-8f5e-7ca7ddde41d5,LZFZ93U5u6KrxdV,Salvador_Hills@gmail.com,4,947.02,"2021-04-26 08:00:44",8
192,Caesar,Beatty,65b5d1b7-3da4-47de-b24f-e6dfac15c430,5Ypqb7jN11SKDn7,Haven.Kirlin@yahoo.com,69,911.63,"2021-10-10 03:30:02",3
193,Margaret,Botsford,445b5db5-6992-4b57-bc60-af966ecbf3a3,HSf82tjCUW_Y55y,Rosalee54@yahoo.com,81,598.72,"2021-05-05 15:11:35",3
194,Kevin,Ledner,5c071a48-005f-4fd0-a4f7-ae5b86cfcb2f,Xg4VPtSxEGUCI0V,Damian_Ankunding53@yahoo.com,91,991.96,"2022-02-20 08:15:47",8
195,Ansel,Haley,a2eeeb2e-a123-4c15-85b7-00eb3b6c0ab1,T3vWTNqvRL2buS2,Kay_Stiedemann77@gmail.com,84,679.32,"2021-05-25 20:05:39",5
196,Arden,Koelpin,04e8f8a9-3a94-46b0-984c-3eee030a2ca3,T4nZHAix4j5VyV7,Dedric_Marquardt36@gmail.com,36,878.27,"2021-05-12 16:41:07",8
197,Patience,Morar,b16fa345-3bc0-4c02-bfc5-cf1944c694f2,TJ69xH4Gzes6ZuQ,Addie_Jaskolski78@hotmail.com,170,277.02,"2021-11-17 21:35:12",3
198,Marcia,Heathcote,e71d4a07-742e-42f7-a390-94fec6e3273a,HNt5VD4GinXR1Jb,Karli49@gmail.com,113,229.78,"2021-05-08 02:00:54",1
199,Kristian,Abbott,29cd4400-d186-4ef9-9c77-2ea5937b09d2,1s0vZN4WCgWfvPy,Yazmin_Doyle46@yahoo.com,8,693.94,"2022-01-12 23:22:58",6
200,Annabel,Gaylord,e61d29a1-3fa0-49c3-9a06-9395eabb7d8f,VFsB560ZpWj91He,Dillan_Bogan@gmail.com,66,94.95,"2021-06-26 00:24:21",10
